start_time,end_time,elapsed_time
1663887323.2556047,1663887323.270387,0.014782190322875977
1663887323.2704263,1663887323.284753,0.014326810836791992
1663887323.2847953,1663887323.2992404,0.014445066452026367
1663887323.2993095,1663887323.3113158,0.012006282806396484
1663887323.3113575,1663887323.3227212,0.011363744735717773
1663887323.322758,1663887323.3345957,0.01183772087097168
1663887323.3346326,1663887323.3469794,0.012346744537353516
1663887323.347017,1663887323.3596642,0.012647151947021484
1663887323.3597019,1663887323.3705733,0.010871410369873047
1663887323.370611,1663887323.3825939,0.011982917785644531
1663887323.3826275,1663887323.394576,0.011948585510253906
1663887323.3946078,1663887323.4048736,0.010265827178955078
1663887323.4049115,1663887323.4182444,0.013332843780517578
1663887323.4182923,1663887323.430189,0.011896610260009766
1663887323.430229,1663887323.441586,0.01135706901550293
1663887323.4416196,1663887323.452681,0.011061429977416992
1663887323.4527192,1663887323.4620194,0.00930023193359375
1663887323.4620557,1663887323.472911,0.01085519790649414
1663887323.4729438,1663887323.482592,0.009648323059082031
1663887323.4826257,1663887323.4935706,0.010944843292236328
1663887323.4936035,1663887323.5035748,0.009971380233764648
1663887323.5036137,1663887323.5132513,0.009637594223022461
1663887323.5132904,1663887323.5231266,0.009836196899414062
1663887323.5231597,1663887323.5329218,0.009762048721313477
1663887323.5329535,1663887323.5429983,0.01004481315612793
1663887323.5430431,1663887323.5521228,0.009079694747924805
1663887323.5521593,1663887323.5616088,0.009449481964111328
1663887323.5616393,1663887323.5717854,0.010146141052246094
1663887323.5718207,1663887323.582569,0.010748147964477539
1663887323.5826056,1663887323.592343,0.009737491607666016
1663887323.592374,1663887323.601793,0.009418964385986328
1663887323.601827,1663887323.6123333,0.010506391525268555
1663887323.6123652,1663887323.621093,0.008727788925170898
1663887323.6211278,1663887323.6308403,0.009712457656860352
1663887323.630882,1663887323.640974,0.010092020034790039
1663887323.6410143,1663887323.6507623,0.009747982025146484
1663887323.6508014,1663887323.6596215,0.008820056915283203
1663887323.65966,1663887323.6698487,0.010188579559326172
1663887323.6698873,1663887323.6794152,0.009527921676635742
1663887323.6794467,1663887323.6879292,0.00848245620727539
1663887323.687961,1663887323.6966877,0.00872659683227539
1663887323.6967194,1663887323.7075758,0.010856389999389648
1663887323.7076197,1663887323.717392,0.009772300720214844
1663887323.7174237,1663887323.7259278,0.008504152297973633
1663887323.7259595,1663887323.7347052,0.008745670318603516
1663887323.734747,1663887323.7436285,0.008881568908691406
1663887323.7436728,1663887323.7534676,0.00979471206665039
1663887323.75351,1663887323.7640753,0.01056528091430664
1663887323.7641172,1663887323.77418,0.010062694549560547
