experiment-type,i,mean,std,ci
async-single-vm,0,0.01726157015020197,0.003568763772014848,0.0007030015387419974
async-single-vm,1,0.015283582186458087,0.006847405649576426,0.0013488527163917998
async-single-vm,2,0.01428585582309299,0.0017228758828245288,0.00033938486099440314
async-single-vm,3,0.017737848590118715,0.0020164086544833216,0.00039720712195925027
async-single-vm,4,0.01776350387419113,0.0021040070409630864,0.0004144629013889498
async-single-vm,5,0.016886275224011354,0.0020823845050772683,0.00041020353400844867
async-single-vm,6,0.017217366382329152,0.001746109763598573,0.00034396164303393827
async-single-vm,7,0.016913288771504102,0.002025047477804031,0.00039890886140611485
async-single-vm,8,0.015039244083443074,0.0015888888877300645,0.00031299110961711723
async-single-vm,9,0.016169116954610804,0.005448516646397694,0.0010732891922730014
async-single-vm,10,0.016535431447655263,0.0016370701832748283,0.0003224822183232081
async-single-vm,11,0.017897810598816535,0.003060223479198952,0.0006028255026688557
async-single-vm,12,0.015015276995572176,0.0018146168286728261,0.00035745667247229966
async-single-vm,13,0.01745570308030254,0.002743752453800227,0.0005404846944687785
async-single-vm,14,0.01452004307448262,0.0014580289918577414,0.000287213357422014
async-single-vm,15,0.013392737417510061,0.0014908739537531695,0.00029368340145616203
async-single-vm,16,0.0159881692944151,0.006368387920685405,0.001254492253775648
async-single-vm,17,0.015592620830343228,0.0015115582682257806,0.0002977579510287888
async-single-vm,18,0.01499179396966491,0.001211743580213067,0.00023869823162029645
async-single-vm,19,0.018258000865127102,0.006358677733684831,0.0012525794691704
async-single-vm,20,0.02133691431295992,0.006237947631705832,0.0012287971588563172
async-single-vm,21,0.016013904051347214,0.006207889134806859,0.0012228760133498663
async-single-vm,22,0.015342685911390517,0.0018676837738610915,0.0003679101926565806
async-single-vm,23,0.01532359075064611,0.00335815328466985,0.000661513923943906
async-single-vm,24,0.013991741218952218,0.001632000021746393,0.0003214834603263604
async-single-vm,25,0.014715878650395557,0.0021888391272610257,0.00043117375450559513
async-single-vm,26,0.014524763280695135,0.002273146428820561,0.0004477812316348749
async-single-vm,27,0.014664975079623136,0.0018630207004774147,0.00036699162589973953
async-single-vm,28,0.013177238329492434,0.0014643832343029053,0.0002884650631951781
async-single-vm,29,0.014810128645463423,0.004458215330443252,0.0008782122991501073
async-single-vm,30,0.013003645521221739,0.0014520863258492519,0.00028604272702586445
async-single-vm,31,0.012067970603403418,0.0012875413755801563,0.00025362944314910845
async-single-vm,32,0.012727120910028015,0.0014417325593527911,0.0002840031653614403
async-single-vm,33,0.014153856219667377,0.0015501969298368523,0.00030536928097461456
async-single-vm,34,0.013692583700623175,0.0015213951759427478,0.0002996956980199791
async-single-vm,35,0.01301841302351518,0.0018781020421291177,0.00036996246035804134
async-single-vm,36,0.012310295393972687,0.0014814532109423207,0.00029182763371270605
async-single-vm,37,0.014078275121823705,0.0016013135993706263,0.00031543862140543863
async-single-vm,38,0.013782089406793768,0.001143608139443986,0.00022527640749196948
async-single-vm,39,0.013476629449863626,0.00504893951825752,0.0009945775279898655
async-single-vm,40,0.013060796140420317,0.0020143309007136048,0.00039679783062181515
async-single-vm,41,0.013333585527208116,0.001961020849660834,0.0003862964216424941
async-single-vm,42,0.01302746811298409,0.001609717980424422,0.00031709417867692956
async-single-vm,43,0.012737977384316802,0.001616115485301369,0.00031835440660455837
async-single-vm,44,0.01316333780385027,0.0013576612530460744,0.00026744217632620814
async-single-vm,45,0.013360233017892548,0.0015359571915449421,0.00030256423178391277
async-single-vm,46,0.013388838430847785,0.001714407887156851,0.00033771677244477156
async-single-vm,47,0.012518003733471186,0.001682589556596206,0.00033144896186012576
async-single-vm,48,0.015005720986260308,0.0015821048192223505,0.00031165473352037115
async-single-vm,49,0.013729569887874103,0.005456281809044984,0.0010748188315650258
async-single-vm,50,0.01366867200292722,0.0017942796625073061,0.0003534505067461943
async-single-vm,51,0.013230001083528153,0.001587337142894307,0.0003126854354181616
async-single-vm,52,0.012931951368697967,0.0016566503912488681,0.0003263392728143399
async-single-vm,53,0.013527598043884894,0.0018460392967350032,0.0003636465031279472
async-single-vm,54,0.013017088475853505,0.001661655183788196,0.000327325153943212
async-single-vm,55,0.01372509291677764,0.0016803068316453868,0.00033099929378023365
async-single-vm,56,0.013077136242028439,0.0014612225071858349,0.0002878424397410094
async-single-vm,57,0.013850715425279405,0.005936905721946292,0.001169495692212224
async-single-vm,58,0.012841039233737521,0.0017795688827891654,0.00035055266832409313
async-single-vm,59,0.013916533402722291,0.0014119570756615531,0.000278137769894284
async-single-vm,60,0.012381308006517815,0.0016166963280366399,0.0003184688253116368
async-single-vm,61,0.012163655926482846,0.0014464761803435252,0.0002849375989829215
async-single-vm,62,0.01359294881724348,0.001598249128623538,0.00031483495924446105
async-single-vm,63,0.013854484365443991,0.0016412809103728318,0.00032331167855600127
async-single-vm,64,0.013605681332674894,0.0018170516634816636,0.00035793630427943075
async-single-vm,65,0.015413520312068439,0.006253327594976733,0.0012318268180144896
async-single-vm,66,0.016870655194677488,0.0060486128314167645,0.0011915005865854448
async-single-vm,67,0.013622975108599422,0.0012416096775902676,0.0002445814768429234
async-single-vm,68,0.012471931149261166,0.001785984717339564,0.00035181650696665417
async-single-vm,69,0.013023150087607026,0.0026879403931620092,0.0005294904210969445
async-single-vm,70,0.013324154747856988,0.001881962901230818,0.0003707230009997743
async-single-vm,71,0.012154485240127102,0.001558941268801198,0.0003070918056750225
async-single-vm,72,0.013343052430586382,0.0017499171514029968,0.0003447116505032156
async-single-vm,73,0.012482657577052261,0.0015554938530761488,0.0003064127081739781
async-single-vm,74,0.01507892030658144,0.006941335506231862,0.0013673557157442356
async-single-vm,75,0.012434824548586451,0.001354395645992781,0.0002667988928448541
async-single-vm,76,0.012688545265583077,0.0017708098364094726,0.00034882724644800183
async-single-vm,77,0.013463347849219737,0.0017186090423000192,0.0003385443471229559
async-single-vm,78,0.012345164713233409,0.0014739971857861286,0.0002903588906149407
async-single-vm,79,0.012188056502679382,0.0013827330794595081,0.0002723810105202588
async-single-vm,80,0.011633374474265358,0.001184976400602497,0.00023342543418787066
async-single-vm,81,0.015563160482079091,0.007584585754541276,0.0014940679172925002
async-single-vm,82,0.01274239414870137,0.0016812819402984595,0.00033119137791001724
async-single-vm,83,0.01239474614461263,0.0014517196599204646,0.0002859704984535608
async-single-vm,84,0.01167907618513011,0.0013536358532933131,0.00026664922324748835
async-single-vm,85,0.013195449655706232,0.001716435705908892,0.00033811622721231695
async-single-vm,86,0.015051270976211086,0.001336448762598612,0.00026326358273532534
async-single-vm,87,0.015509369397404217,0.003294088919224085,0.0006488940504067245
async-single-vm,88,0.01581578062038229,0.004581603747703079,0.0009025182641110845
async-single-vm,89,0.014075939101402205,0.002170502360631867,0.0004275616423067052
async-single-vm,90,0.016091267267862957,0.00838022010142655,0.0016507978680172983
async-single-vm,91,0.012933663647584241,0.0009192589763833937,0.00018108244652322998
async-single-vm,92,0.013127811027295662,0.0012180653525236047,0.00023994354118568004
async-single-vm,93,0.011178483866681957,0.0009477252560983465,0.00018668994528759164
async-single-vm,94,0.011439046474418254,0.0007814090618370075,0.00015392774864115365
async-single-vm,95,0.010949527374421708,0.000835560118145563,0.0001645948250691142
async-single-vm,96,0.011065052013204556,0.0010547770026908465,0.00020777779177653342
async-single-vm,97,0.011106047967467645,0.0010051693347247791,0.00019800570565892012
async-single-vm,98,0.011587509001144256,0.0010909737975027902,0.00021490810470166106
async-single-vm,99,0.010387317098752416,0.0007196611089968459,0.0001417641792277895
async-diff-vm,0,0.01686705724157468,0.003796373008008037,0.0007478376930399784
async-diff-vm,1,0.015048624289156211,0.004985619170145887,0.0009821042165016622
async-diff-vm,2,0.013769185904300573,0.0018132321308209779,0.0003571839044263518
async-diff-vm,3,0.014104366302490234,0.0019350667569026938,0.0003811837920846896
async-diff-vm,4,0.011825477234040848,0.001048744686196972,0.00020658950136330208
async-diff-vm,5,0.012399589172517411,0.0013843232722063209,0.00027269425847370194
async-diff-vm,6,0.01255296938347094,0.0018648122833194295,0.0003673445451667968
async-diff-vm,7,0.015477088966754952,0.00159326519466127,0.00031385318699269754
async-diff-vm,8,0.015634149011939463,0.0016910801247910724,0.00033312149691346586
async-diff-vm,9,0.019394077435888425,0.00753537089350208,0.0014843732091947448
async-diff-vm,10,0.015034507019351226,0.0016594251043177688,0.0003268858563602448
async-diff-vm,11,0.014585468504163954,0.0012121666128522242,0.0002387815637249871
async-diff-vm,12,0.016831328170468108,0.002202648061730441,0.0004338939407663141
async-diff-vm,13,0.01638017760382758,0.0025375516814028407,0.0004998657380049525
async-diff-vm,14,0.017205943964948556,0.001194960931782832,0.00023539226114302944
async-diff-vm,15,0.017351150512695312,0.0040090653226004126,0.0007897354015993262
async-diff-vm,16,0.015173069154373322,0.0014204292385094314,0.00027980667932595775
async-diff-vm,17,0.015065961413913302,0.0059943849528013675,0.0011808183771300914
async-diff-vm,18,0.016293672600177802,0.0017665974764952369,0.0003479974645709652
async-diff-vm,19,0.015111937667384293,0.0019886682492749057,0.0003917426113352162
async-diff-vm,20,0.014796283509996202,0.0010324928749886352,0.00020338809913645904
async-diff-vm,21,0.015848778715037336,0.0017258304264390698,0.0003399668688940546
async-diff-vm,22,0.014931958131115846,0.0016742819756752202,0.0003298124729962581
async-diff-vm,23,0.0143409256983285,0.0016596763942696357,0.00032693535731747215
async-diff-vm,24,0.013646460542775164,0.0013875801086391261,0.00027333581425322624
async-diff-vm,25,0.013472140437424784,0.0016246381227876425,0.0003200332589046107
async-diff-vm,26,0.014587537206784643,0.005509106540169979,0.0010852246386278837
async-diff-vm,27,0.013836867881543709,0.0016721635733631228,0.0003293951744076664
async-diff-vm,28,0.014284820267648407,0.002862155065625258,0.0005638085185214629
async-diff-vm,29,0.014102393930608576,0.0016524557061070278,0.0003255129726449715
async-diff-vm,30,0.012974669234921235,0.0014259937230529296,0.0002809028127341314
async-diff-vm,31,0.012774445793845436,0.001696868611452839,0.0003342617559191528
async-diff-vm,32,0.014811968562578914,0.001404297804404214,0.000276628989873097
async-diff-vm,33,0.014110090756657147,0.0019796175880327682,0.0003899597450021322
async-diff-vm,34,0.011931087031508938,0.0014210841696254359,0.00027993569251140074
async-diff-vm,35,0.012272068948456736,0.0013609594450223557,0.000268091878627205
async-diff-vm,36,0.015661783892698962,0.006266038180174185,0.0012343306432948823
async-diff-vm,37,0.0127319037312209,0.0015849467622598842,0.00031221456052379177
async-diff-vm,38,0.01193750747526535,0.0011854186038395415,0.00023351254265902157
async-diff-vm,39,0.012524698719833836,0.0014388423640890372,0.00028343383327686334
async-diff-vm,40,0.013128379378655944,0.0018598739272071643,0.0003663717511777404
async-diff-vm,41,0.014439243258851948,0.0015485605607828388,0.00030504693686992984
async-diff-vm,42,0.012716433014532532,0.0015727018349525972,0.0003098024639859628
async-diff-vm,43,0.015007098515828451,0.0013274894033328535,0.0002614987017422596
async-diff-vm,44,0.01540636293815844,0.002880161840316762,0.0005673556264626424
async-diff-vm,45,0.013292676270610154,0.0015026471136794133,0.000296002565758632
async-diff-vm,46,0.013259001452513415,0.005158556099790655,0.0010161706146754336
async-diff-vm,47,0.01390812372920489,0.0018993452145634525,0.00037414709791410675
async-diff-vm,48,0.012318071692880957,0.0011360281400186849,0.0002237832430238036
async-diff-vm,49,0.012776073783335059,0.0018854806779069538,0.00037141595872246437
async-diff-vm,50,0.012928960299251056,0.0017175869594348763,0.00033834300966471565
async-diff-vm,51,0.013027289901116882,0.0013785454833850812,0.0002715561068079321
async-diff-vm,52,0.012531964465825244,0.0013711749116058264,0.0002701041969497183
async-diff-vm,53,0.012747297383318043,0.001527699000733827,0.00030093747214995654
async-diff-vm,54,0.014143182773782749,0.001598659358372532,0.000314915769340955
async-diff-vm,55,0.014596158807927912,0.001651996600937962,0.00032542253470597743
async-diff-vm,56,0.01348109437961771,0.004927385818991913,0.0009706329793779358
async-diff-vm,57,0.013080563208069464,0.00173371585974967,0.00034152019999275873
async-diff-vm,58,0.014522711435953775,0.0020437143999910514,0.0004025860100938364
async-diff-vm,59,0.01521086451983211,0.001287347326007226,0.00025359121782597785
async-diff-vm,60,0.013405621653855448,0.0017456000123843446,0.0003438612284615902
async-diff-vm,61,0.012487394641144107,0.0013032201637115603,0.0002567179670431302
async-diff-vm,62,0.013676373645512744,0.00150757045555068,0.0002969724021312142
async-diff-vm,63,0.012673247944224964,0.0016065519084252015,0.00031647050234825973
async-diff-vm,64,0.011780054882319287,0.0013966256603920911,0.0002751176740812626
async-diff-vm,65,0.012380561443290325,0.0014158444452143173,0.0002789035327611574
async-diff-vm,66,0.014523255704629302,0.002021085364433098,0.000398128374947953
async-diff-vm,67,0.014236806619046914,0.004951916842831216,0.0009754652822726186
async-diff-vm,68,0.01218093525279652,0.0017122453452596605,0.0003372907789135548
async-diff-vm,69,0.012937632474032316,0.0015207882487071835,0.00029957614099469993
async-diff-vm,70,0.012452436215949781,0.0017406306655981503,0.0003428823296998868
async-diff-vm,71,0.012453565693864918,0.0015663248257728247,0.0003085462734526732
async-diff-vm,72,0.012170126943877249,0.001567563269809568,0.00030879023133811905
async-diff-vm,73,0.012635919782850478,0.001869641479843549,0.0003682958360911123
async-diff-vm,74,0.012879229555226336,0.0018607520599319156,0.00036654473227039797
async-diff-vm,75,0.012615264064133769,0.002039935702241259,0.000401841654204165
async-diff-vm,76,0.013090010845299923,0.0016213653701105972,0.0003193885678253281
async-diff-vm,77,0.012713957314539438,0.001361833781153787,0.0002682641118387708
async-diff-vm,78,0.013270329947423453,0.0017325113980849194,0.0003412829362068183
async-diff-vm,79,0.011995144564696032,0.001728901118734485,0.0003405717566217344
async-diff-vm,80,0.012155578594015103,0.0014805453621118104,0.00029164879892128653
async-diff-vm,81,0.01486020858841713,0.005629079756044666,0.0011088578519072578
async-diff-vm,82,0.01261035842124862,0.0012577977803503516,0.00024777032930743594
async-diff-vm,83,0.011621075447159583,0.0012515594420132075,0.00024654145518452654
async-diff-vm,84,0.011529688883309413,0.001360346751838996,0.00026797118578279305
async-diff-vm,85,0.013726935242161606,0.0017538893379117786,0.00034549412124273087
async-diff-vm,86,0.012283472099689522,0.0012762984663922585,0.00025141473156718545
async-diff-vm,87,0.01259909254131895,0.0015214438425538684,0.00029970528472974444
async-diff-vm,88,0.01242356589346221,0.0013425157478330965,0.00026445870245403946
async-diff-vm,89,0.013331379553284308,0.002689962335699828,0.0005298887183242591
async-diff-vm,90,0.01361338056699194,0.001452429070628485,0.0002861102434328304
async-diff-vm,91,0.011708086187189276,0.001289805769424468,0.0002540755002317745
async-diff-vm,92,0.011758744114577169,0.0011122999744177613,0.00021910909309553404
async-diff-vm,93,0.013664816365097508,0.0015816979566644373,0.00031157458671813323
async-diff-vm,94,0.014659455328276663,0.005328302961536903,0.0010496086096304386
async-diff-vm,95,0.013209634357028537,0.0019222380452586134,0.00037865669738131166
async-diff-vm,96,0.012007694051723288,0.0014756620193261357,0.00029068684186504915
async-diff-vm,97,0.011051517544370709,0.0011844389662890537,0.00023331956639345788
async-diff-vm,98,0.010693485086614435,0.000864343653318508,0.0001702648191650222
async-diff-vm,99,0.012050358936040088,0.0010448380719639827,0.0002058199475366804
sync-single-vm,0,0.02271480512137365,0.0034619262565254764,0.000681955893083586
sync-single-vm,1,0.025951700981217202,0.008041783172262836,0.00158413005328691
sync-single-vm,2,0.019732564386695323,0.002832775274028932,0.0005580210694159494
sync-single-vm,3,0.022337843673397795,0.0033704424308930426,0.0006639347310515315
sync-single-vm,4,0.020031254700940065,0.001960521713714535,0.00038619809814430093
sync-single-vm,5,0.024033967894737166,0.004653705816274027,0.0009167214639836386
sync-single-vm,6,0.022020048565334745,0.003364861121262035,0.0006628352833129163
sync-single-vm,7,0.023680585803407612,0.004850468471648123,0.000955481230202868
sync-single-vm,8,0.020578285660406554,0.00510413536365053,0.00100545041471544
sync-single-vm,9,0.019375769778935598,0.002197286949582484,0.0004328378691599678
sync-single-vm,10,0.022261523237132062,0.0023701069959199588,0.0004668812427935541
sync-single-vm,11,0.02096676585650203,0.001944606686539905,0.0003830630381325902
sync-single-vm,12,0.019967115286624794,0.0034169195581331933,0.0006730901400540407
sync-single-vm,13,0.019232790879528932,0.001361194300418979,0.00026813814218393093
sync-single-vm,14,0.020307439746278706,0.0014314317697473786,0.0002819740394776684
sync-single-vm,15,0.019411718002473464,0.0012621411595691659,0.00024862592033817615
sync-single-vm,16,0.019208920122397066,0.00308491894417464,0.0006076901983973869
sync-single-vm,17,0.021005943568065913,0.005017483678216977,0.0009883811234745734
sync-single-vm,18,0.02007592808116566,0.0027554534550001063,0.0005427896444105038
sync-single-vm,19,0.01955614427123407,0.0032040492530668,0.0006311573696118928
sync-single-vm,20,0.021570263486919983,0.004474641232869014,0.0008814479951552863
sync-single-vm,21,0.016925419219816575,0.0022594455740106347,0.00044508233570654597
sync-single-vm,22,0.021430841600052035,0.004579511124878952,0.0009021060437571053
sync-single-vm,23,0.01944816955412277,0.0036399665109888915,0.0007170275820049106
sync-single-vm,24,0.014514371602222173,0.001849409223612187,0.0003643103363014079
sync-single-vm,25,0.01621224181820648,0.003145145807139546,0.0006195541322531233
sync-single-vm,26,0.015743763759882762,0.0028608210299838296,0.0005635457302932211
sync-single-vm,27,0.01587773332692156,0.0020154234507595375,0.00039701304922761535
sync-single-vm,28,0.015444220918597597,0.0013449842006002465,0.00026494495657576817
sync-single-vm,29,0.014855606387359927,0.0016668946170088406,0.00032835725633259766
sync-single-vm,30,0.013372787321456756,0.0013398132173484522,0.0002639263379685836
sync-single-vm,31,0.014203538798322582,0.0013870988086723839,0.00027324100421848274
sync-single-vm,32,0.015161398685339725,0.004818181607476136,0.000949121124394787
sync-single-vm,33,0.017528972240409467,0.003030164060248165,0.0005969041755298047
sync-single-vm,34,0.016289951825382735,0.0011320327837093618,0.00022299620812524798
sync-single-vm,35,0.013885736465454102,0.0015955920104178997,0.0003143115404063101
sync-single-vm,36,0.01541416331975147,0.005007326149547843,0.00098638021819185
sync-single-vm,37,0.014744517779109454,0.003022098385879165,0.0005953153392115079
sync-single-vm,38,0.015237560175886058,0.0026437973633058904,0.0005207947998969834
sync-single-vm,39,0.013652343942661477,0.0013924283706040598,0.0002742908608293824
sync-single-vm,40,0.012706590421272047,0.001237764136966684,0.00024382395374854723
sync-single-vm,41,0.01331128736939093,0.002142661051906447,0.0004220772549600159
sync-single-vm,42,0.014965828018959123,0.001356486737120207,0.00026721081147386443
sync-single-vm,43,0.017781968068594885,0.0028284190591444437,0.0005571629499206493
sync-single-vm,44,0.017599498382722487,0.00514888498439105,0.0010142655266837353
sync-single-vm,45,0.01909839264070145,0.002177319583230001,0.0004289045493419133
sync-single-vm,46,0.018690094803318832,0.0021086167587016985,0.00041537095775536517
sync-single-vm,47,0.018519618294455788,0.005127115273814498,0.0010099771677418252
sync-single-vm,48,0.01956946681244205,0.006210774289795015,0.0012234443525635985
sync-single-vm,49,0.015983545418941612,0.0024966220589274397,0.0004918031176079484
sync-single-vm,50,0.015262678416088374,0.0012000018653050492,0.0002363852615905805
sync-single-vm,51,0.015612091680969855,0.0015982893619818036,0.0003148428847095734
sync-single-vm,52,0.014338004468667388,0.0010304928487829552,0.00020299411915068833
sync-single-vm,53,0.01883834781068744,0.006023502624170135,0.0011865541918504004
sync-single-vm,54,0.015296134081753817,0.0017517207537428414,0.00034506693746004144
sync-single-vm,55,0.015948777246956872,0.003054021960570683,0.0006016038815651006
sync-single-vm,56,0.01557002163896657,0.002357692711206297,0.0004644357849785757
sync-single-vm,57,0.015718833364621557,0.004096822926191612,0.0008070225447957202
sync-single-vm,58,0.014737492859965623,0.002408352899704421,0.0004744152043916554
sync-single-vm,59,0.016103089457810527,0.0021739616593469367,0.00042824308060719797
sync-single-vm,60,0.012970924377441406,0.0015192397083557475,0.00029927109803881696
sync-single-vm,61,0.013400788259024571,0.0011750429187607722,0.0002314686633097983
sync-single-vm,62,0.011710323468603269,0.0015543804577798498,0.0003061933833162601
sync-single-vm,63,0.01663527825866083,0.004677186597132763,0.0009213468822318283
sync-single-vm,64,0.019424924946794608,0.009296208478817214,0.0018312360477099447
sync-single-vm,65,0.016213354438242285,0.0074833707958728264,0.0014741298445498888
sync-single-vm,66,0.014890145773839469,0.0025837771813767498,0.0005089715796035487
sync-single-vm,67,0.01333137232847888,0.0018761138649098885,0.00036957081447344393
sync-single-vm,68,0.012838443120320639,0.0023410326888225652,0.00046115397028882743
sync-single-vm,69,0.013184797884237886,0.0012068961107671331,0.00023774334116040695
sync-single-vm,70,0.012824289726488518,0.0010512978380735891,0.00020709244014338574
sync-single-vm,71,0.012253096609404593,0.000898425324089042,0.00017697847927961607
sync-single-vm,72,0.011606047851870758,0.000705936285970086,0.00013906056186246122
sync-single-vm,73,0.012257831265227963,0.0010754385293682972,0.00021184785244037112
sync-single-vm,74,0.016065289275814788,0.0017454560821944345,0.0003438328760260012
sync-single-vm,75,0.013922224141130543,0.002117388559191433,0.0004170988920305833
sync-single-vm,76,0.012159788247310755,0.0013965662995375396,0.00027510598074016284
sync-single-vm,77,0.013232086644028172,0.0015938813409389933,0.0003139745600532308
sync-single-vm,78,0.015376025980169123,0.001075676224230414,0.00021189467533605546
sync-single-vm,79,0.01748624714938077,0.006047766298580187,0.0011913338302729712
sync-single-vm,80,0.017534032012477066,0.005296141607772291,0.0010432732277926592
sync-single-vm,81,0.01841909716827701,0.0036280458031424326,0.0007146793526195223
sync-single-vm,82,0.01451123362839824,0.002160219878128971,0.00042553612269167546
sync-single-vm,83,0.013771167909256135,0.002219968698939304,0.0004373058882606556
sync-single-vm,84,0.01734450369170218,0.005296684262608821,0.0010433801239644032
sync-single-vm,85,0.014665579555010555,0.0019941787649928057,0.00039282811356411787
sync-single-vm,86,0.013681645345206212,0.001946018196528619,0.00038334108783198386
sync-single-vm,87,0.015110904520208185,0.0021581831638943874,0.0004251349156260473
sync-single-vm,88,0.013203982150915897,0.0016488401648936362,0.0003248007565391225
sync-single-vm,89,0.01443851837004074,0.001989669710787545,0.00039193988664659913
sync-single-vm,90,0.016645301472056995,0.002583729208059018,0.0005089621294638537
sync-single-vm,91,0.015577754589042278,0.0017836370367499987,0.0003513540434436042
sync-single-vm,92,0.015750829619590682,0.0017724722874917353,0.00034915472838392556
sync-single-vm,93,0.014708798341076783,0.002228746285600172,0.00043903496233874947
sync-single-vm,94,0.014812199756352588,0.001947818628429574,0.0003836957502522586
sync-single-vm,95,0.013377057181464301,0.0014769284656524846,0.0002909363158490486
sync-single-vm,96,0.012963292574641681,0.0019464125900694178,0.00038341877839481286
sync-single-vm,97,0.015611010368424232,0.0022516580456637173,0.00044354829065323915
sync-single-vm,98,0.01383618874983354,0.0015642954706386468,0.0003081465160371871
sync-single-vm,99,0.013238904452083087,0.0016320348658985307,0.000321490324185706
sync-diff-vm,0,0.020342458378184925,0.0034901516742328696,0.0006875159450644798
sync-diff-vm,1,0.01686350745384139,0.001782009108012225,0.0003510333619749703
sync-diff-vm,2,0.016854914751919834,0.0018524528234311474,0.00036490988715227185
sync-diff-vm,3,0.019586669074164495,0.003730995571657185,0.0007349591610637059
sync-diff-vm,4,0.017149132911605063,0.0015330796480214355,0.0003019973919329018
sync-diff-vm,5,0.02174050880200935,0.006377346686538531,0.0012562570178738948
sync-diff-vm,6,0.022983088637843277,0.007665656266476189,0.0015100377876111142
sync-diff-vm,7,0.020551202273128007,0.0035579708144170986,0.0007008754619592488
sync-diff-vm,8,0.01831500698821713,0.0029889022799327973,0.0005887761242195995
sync-diff-vm,9,0.01631186706851227,0.0029124322580149674,0.0005737124925224201
sync-diff-vm,10,0.017779282849244397,0.002949736244280602,0.0005810609082263672
sync-diff-vm,11,0.01949752942480222,0.003852982226488441,0.0007589889964719334
sync-diff-vm,12,0.018066321960603347,0.002001591132237331,0.00039428825660285985
sync-diff-vm,13,0.01882630887657705,0.004148182232796303,0.0008171396816751487
sync-diff-vm,14,0.018251558746954406,0.0017236486997976406,0.00033953709620972443
sync-diff-vm,15,0.020320338432234946,0.0034985716778766452,0.0006891745797895362
sync-diff-vm,16,0.020685102000381008,0.0031833144766264697,0.0006270728796668511
sync-diff-vm,17,0.0218254363898075,0.0035440035466160983,0.0006981240860253408
sync-diff-vm,18,0.01935814366196141,0.002404647195044181,0.0004736852272217737
sync-diff-vm,19,0.023034565376512932,0.011362501401913713,0.002238269742632382
sync-diff-vm,20,0.032550253049291746,0.016368082140516715,0.0032243061368396964
sync-diff-vm,21,0.022097874169397836,0.006468019218410942,0.0012741183652479606
sync-diff-vm,22,0.023294720986876825,0.00712573854280315,0.0014036807926447788
sync-diff-vm,23,0.020032056654342496,0.007019728639670253,0.0013827981762024354
sync-diff-vm,24,0.01548983593179722,0.0015223993845205003,0.00029989351446860874
sync-diff-vm,25,0.019293984981498334,0.006302149355907206,0.001241444090339253
sync-diff-vm,26,0.017232834690749044,0.006266754570208585,0.0012344717631135912
sync-diff-vm,27,0.013915651976460159,0.0019079639422919237,0.00037584487878226794
sync-diff-vm,28,0.01616868105801669,0.002829626469695725,0.0005574007946001152
sync-diff-vm,29,0.014458735783894857,0.0024774199979464362,0.0004880205533142514
sync-diff-vm,30,0.018701883277507745,0.003786363916177181,0.0007458660279458416
sync-diff-vm,31,0.01686458635811854,0.007070833849093893,0.0013928652591358255
sync-diff-vm,32,0.013738008460613212,0.0012233345753982867,0.00024098151176191255
sync-diff-vm,33,0.012991789615515507,0.0016142138064906316,0.0003179797998175738
sync-diff-vm,34,0.015281751902416499,0.001640292504021845,0.0003231169749471228
sync-diff-vm,35,0.013549441038960159,0.0014471945423372352,0.0002850791072527914
sync-diff-vm,36,0.013039796039311572,0.0009505604935021697,0.00018724845136558328
sync-diff-vm,37,0.013951920499705305,0.004057517025337152,0.0007992797771182939
sync-diff-vm,38,0.01623061690667663,0.003483471741741281,0.0006862000824520245
sync-diff-vm,39,0.012989106804433496,0.0010268039794626587,0.0002022674583308486
sync-diff-vm,40,0.013696993240202316,0.004792259655626268,0.0009440148261913157
sync-diff-vm,41,0.014150306431934087,0.0014021596418819415,0.0002762077987718465
sync-diff-vm,42,0.014319684770372178,0.000998686984432411,0.00019672876425250516
sync-diff-vm,43,0.015073015232278842,0.00629656608589124,0.0012403442564294786
sync-diff-vm,44,0.012443600278912169,0.0007289193111182853,0.00014358792850152798
sync-diff-vm,45,0.014113298570266877,0.0010741992451750427,0.00021160372905466865
sync-diff-vm,46,0.017568361879599214,0.00584351923535649,0.001151099729922662
sync-diff-vm,47,0.01400565378593676,0.0007129985014293723,0.00014045172940729502
sync-diff-vm,48,0.015364810673877446,0.006046637874810167,0.0011911115449951117
sync-diff-vm,49,0.01369027898769186,0.0018419435712747714,0.0003628396967701304
sync-diff-vm,50,0.015952062125157828,0.007981614733030594,0.0015722776281710583
sync-diff-vm,51,0.0132834766850327,0.0016441210370177883,0.00032387114775294935
sync-diff-vm,52,0.014126346568868619,0.0015010739966942563,0.0002956926815152818
sync-diff-vm,53,0.017550213168365785,0.00740586898921634,0.0014588629642475163
sync-diff-vm,54,0.015223864353064335,0.0018855645659029904,0.0003714324836016839
sync-diff-vm,55,0.014920699475991606,0.002402206994497094,0.00047320453843175244
sync-diff-vm,56,0.015431736454819187,0.010731032861005785,0.0021138783891316132
sync-diff-vm,57,0.013810579222862166,0.0009286285673771247,0.0001829281380026235
sync-diff-vm,58,0.014780742953522037,0.002783989717095759,0.0005484109288229106
sync-diff-vm,59,0.012445418521611377,0.0010051315565383322,0.0001979982638317498
sync-diff-vm,60,0.012772702207468976,0.0015198190332904103,0.0002993852177582821
sync-diff-vm,61,0.01609154421873767,0.0008547250234059567,0.0001683700701535751
sync-diff-vm,62,0.01596301252191717,0.006282622438691599,0.0012375975334566972
sync-diff-vm,63,0.01341596275869042,0.00509945438965406,0.0010045283217632152
sync-diff-vm,64,0.014011941774927004,0.0023269207860804114,0.000458374103092207
sync-diff-vm,65,0.014093509828201447,0.0013338114981489952,0.00026274407483718737
sync-diff-vm,66,0.014462379494098702,0.00275942102560722,0.0005435712058754965
sync-diff-vm,67,0.012624451608368845,0.005075319443467081,0.000999774041180132
sync-diff-vm,68,0.012066137911093355,0.0008469234262616621,0.00016683325372428599
sync-diff-vm,69,0.013501892186174489,0.001461473650136942,0.00028789191174093744
sync-diff-vm,70,0.012407040355181453,0.0009946454285085454,0.00019593262861145508
sync-diff-vm,71,0.012529483949295197,0.0008273623519725671,0.00016297996832822948
sync-diff-vm,72,0.012538382501313181,0.0011118321298394533,0.00021901693360293277
sync-diff-vm,73,0.01267767193341496,0.0010805427152511126,0.00021285331280672607
sync-diff-vm,74,0.01319193599200008,0.0013119411043833577,0.0002584358825744487
sync-diff-vm,75,0.012554554024127999,0.0007774056559964762,0.00015313912808627918
sync-diff-vm,76,0.012343240506721266,0.0019773420644720314,0.00038951149550543366
sync-diff-vm,77,0.014434838535809758,0.0048532444382110495,0.0009560280606713168
sync-diff-vm,78,0.012652678923173384,0.0010975528429530916,0.00021620409383697
sync-diff-vm,79,0.012136146275684087,0.0008870922723691203,0.00017474601075361735
sync-diff-vm,80,0.012634176196474018,0.0013210498183637675,0.0002602301845661924
sync-diff-vm,81,0.01427590726601957,0.0018168660411562074,0.0003578997390179685
sync-diff-vm,82,0.012098502631139273,0.0011363989997830468,0.0002238562977289226
sync-diff-vm,83,0.01153783846383143,0.0007997311271401924,0.00015753696486389015
sync-diff-vm,84,0.014281716009583136,0.0015176506473181196,0.00029895807301783705
sync-diff-vm,85,0.01360566688306404,0.0011544682876486539,0.00022741571997847155
sync-diff-vm,86,0.015931351016266176,0.0055624522329569305,0.0010957330685801728
sync-diff-vm,87,0.01721126383001154,0.009031178026263546,0.0017790283848156518
sync-diff-vm,88,0.015790019372496942,0.0020652702045420917,0.0004068322322414143
sync-diff-vm,89,0.014350296270967735,0.0011820625826886638,0.00023285144873859499
sync-diff-vm,90,0.01426846089989248,0.0018390511350804626,0.0003622699232504435
sync-diff-vm,91,0.012594772107673414,0.0010439032933321954,0.00020563580791340726
sync-diff-vm,92,0.015443830779104523,0.005128804651169553,0.0010103099538145356
sync-diff-vm,93,0.012128909428914389,0.0011149361286889358,0.00021962838230249397
sync-diff-vm,94,0.01174137568232989,0.0008580936204764456,0.0001690336413718568
sync-diff-vm,95,0.01260161159014461,0.0010082535453461794,0.0001986132563266475
sync-diff-vm,96,0.0121491870494804,0.0009262427431281217,0.00018245816065882466
sync-diff-vm,97,0.012435344734577218,0.0020649328552768908,0.0004067657786827928
sync-diff-vm,98,0.011421576894894994,0.0007658296500278143,0.00015085880063163756
sync-diff-vm,99,0.013124721218841244,0.0017359224567137916,0.0003419548718175865
